name,email,password
Leandro da Silva,leandro.silva@example.com,senha123
Ana Bezerra,ana.bezerra@example.com,senha123
Bruno Oliveira,bruno.oliveira@example.com,senha123
Carla Mendes,carla.mendes@example.com,senha123
Daniel Souza,daniel.souza@example.com,senha123
Eduarda Castro,eduarda.castro@example.com,senha123
Fábio Martins,fabio.martins@example.com,senha123
Gabriela Rocha,gabriela.rocha@example.com,senha123
Henrique Duarte,henrique.duarte@example.com,senha123
Isabela Faria,isabela.faria@example.com,senha123
João Fontes,joao.fontes@example.com,senha123
Karina Lopes,karina.lopes@example.com,senha123
Leonardo Prado,leonardo.prado@example.com,senha123
Mariana Siqueira,mariana.siqueira@example.com,senha123
Nelson Braga,nelson.braga@example.com,senha123
Olívia Teles,olivia.teles@example.com,senha123
Paulo Azevedo,paulo.azevedo@example.com,senha123
Queila Ramos,queila.ramos@example.com,senha123
Ricardo Nunes,ricardo.nunes@example.com,senha123
Sara Guimarães,sara.guimaraes@example.com,senha123
Tiago Bastos,tiago.bastos@example.com,senha123
Ursula Andrade,ursula.andrade@example.com,senha123
Vinícius Campos,vinicius.campos@example.com,senha123
Wellington Moraes,wellington.moraes@example.com,senha123
Xênia Ribeiro,xenia.ribeiro@example.com,senha123
Yago Pires,yago.pires@example.com,senha123
Zélia Antunes,zelia.antunes@example.com,senha123
Alberto Neves,alberto.neves@example.com,senha123
Bianca Duarte,bianca.duarte@example.com,senha123
Caio Freitas,caio.freitas@example.com,senha123
Diana Moraes,diana.moraes@example.com,senha123
Elias Cardoso,elias.cardoso@example.com,senha123
Fernanda Assis,fernanda.assis@example.com,senha123
Gustavo Pacheco,gustavo.pacheco@example.com,senha123
Helena Bruni,helena.bruni@example.com,senha123
Ian Passos,ian.passos@example.com,senha123
Jéssica Vidal,jessica.vidal@example.com,senha123
Kleber Moura,kleber.moura@example.com,senha123
Larissa Couto,larissa.couto@example.com,senha123
Marcelo Vilar,marcelo.vilar@example.com,senha123
Natália Serpa,natalia.serpa@example.com,senha123
Otávio Leme,otavio.leme@example.com,senha123
Priscila Magalhães,priscila.magalhaes@example.com,senha123
Rafael Sampaio,rafael.sampaio@example.com,senha123
Sabine Moreira,sabine.moreira@example.com,senha123
Túlio Farias,tulio.farias@example.com,senha123
Vitória Roldão,vitoria.roldao@example.com,senha123
William Torres,william.torres@example.com,senha123
Yasmin Duarte,yasmin.duarte@example.com,senha123
Zacarias Pinto,zacarias.pinto@example.com,senha123